INSERT INTO HOTELS(HOTEL_ID, HOTEL_NAME, HOTEL_EMAIL, HOTEL_NUMBER, ROOM_COUNT, OPENING_TIME, CLOSING_TIME, FLOOR_COUNT, ROOM_CAPACITY, DESCRIPTION_POSTAL, DESCRIPTION_STREET, DESCRIPTION_CITY, DESCRIPTION_PROVINCE)
VALUES(1, 'Trivago', 'trivago@gmail.com', 416123456, 300, '7:00', '23:59',20, 10, '1AB2C3', 'Trivago Street', 'Toronto', 'Ontario');

INSERT INTO HOTELS(HOTEL_ID, HOTEL_NAME, HOTEL_EMAIL, HOTEL_NUMBER, ROOM_COUNT, OPENING_TIME, CLOSING_TIME, FLOOR_COUNT, ROOM_CAPACITY, DESCRIPTION_POSTAL, DESCRIPTION_STREET, DESCRIPTION_CITY, DESCRIPTION_PROVINCE)
VALUES(2, 'Ryerson', 'ryerson_hotel@yahoo.com', 123564891, 250, '9:00', '21:59',15, 5, 'L4E3Q1', 'Boulevard of Broken Dreams', 'Etobicoke', 'Ontario');

INSERT INTO HOTELS(HOTEL_ID, HOTEL_NAME, HOTEL_EMAIL, HOTEL_NUMBER, ROOM_COUNT, OPENING_TIME, CLOSING_TIME, FLOOR_COUNT, ROOM_CAPACITY, DESCRIPTION_POSTAL, DESCRIPTION_STREET, DESCRIPTION_CITY, DESCRIPTION_PROVINCE)
VALUES(3, 'Hotel California', 'welcometothe@hotelcalifornia.com', 541627871, 400, '00:00', '23:59',40, 10, 'H4C4E7', 'Eagles Avenue', 'Lovely Place', 'Hotel California');

INSERT INTO HOTELS(HOTEL_ID, HOTEL_NAME, HOTEL_EMAIL, HOTEL_NUMBER, ROOM_COUNT, OPENING_TIME, CLOSING_TIME, FLOOR_COUNT, ROOM_CAPACITY, DESCRIPTION_POSTAL, DESCRIPTION_STREET, DESCRIPTION_CITY, DESCRIPTION_PROVINCE)
VALUES(4, 'Nirvana Hotel', 'kurt_cobain@gmail.com', 111111111, 200, '8:00', '23:59',20, 7, 'I8T1Q1', 'Teen Spirit Street', 'Nevermind', 'In Utero');

INSERT INTO HOTELS(HOTEL_ID, HOTEL_NAME, HOTEL_EMAIL, HOTEL_NUMBER, ROOM_COUNT, OPENING_TIME, CLOSING_TIME, FLOOR_COUNT, ROOM_CAPACITY, DESCRIPTION_POSTAL, DESCRIPTION_STREET, DESCRIPTION_CITY, DESCRIPTION_PROVINCE)
VALUES(5, 'Hotel Macadelic', 'swimming@miller.com', 456718902, 250, '10:00', '22:59',25, 10, 'S9E2L3', 'Blue Side Park', 'Circles', 'Sounds Off');

INSERT INTO HOTELS(HOTEL_ID, HOTEL_NAME, HOTEL_EMAIL, HOTEL_NUMBER, ROOM_COUNT, OPENING_TIME, CLOSING_TIME, FLOOR_COUNT, ROOM_CAPACITY, DESCRIPTION_POSTAL, DESCRIPTION_STREET, DESCRIPTION_CITY, DESCRIPTION_PROVINCE)
VALUES(6, 'Lamar Hotel', 'k.@miller.com', 657172890, 250, '10:00', '22:59',10, 5, 'L9U8I1', 'Pimped Butterfly Avenue', 'Section 80', 'Madd City');

SELECT HOTEL_ID ,
HOTEL_NAME ,
HOTEL_EMAIL ,
HOTEL_NUMBER ,
ROOM_COUNT ,
OPENING_TIME ,
CLOSING_TIME ,
FLOOR_COUNT ,
ROOM_CAPACITY ,
DESCRIPTION_POSTAL ,
DESCRIPTION_STREET ,
DESCRIPTION_CITY ,
DESCRIPTION_PROVINCE  FROM HOTELS;

INSERT INTO DEPARTMENT(DEPT_ID, DEPT_NAME, DEPT_NUM_OF_EMPLOYEES, DEPT_DESCRIPTION)
VALUES(1, 'Manager', 1, 'Manager of hotel');

INSERT INTO DEPARTMENT(DEPT_ID, DEPT_NAME, DEPT_NUM_OF_EMPLOYEES, DEPT_DESCRIPTION)
VALUES(2, 'Luggage Handlers', 20, 'Employees in charge of luggage');

INSERT INTO DEPARTMENT(DEPT_ID, DEPT_NAME, DEPT_NUM_OF_EMPLOYEES, DEPT_DESCRIPTION)
VALUES(3, 'Room Service', 50, 'Employees in charge of room service');

INSERT INTO DEPARTMENT(DEPT_ID, DEPT_NAME, DEPT_NUM_OF_EMPLOYEES, DEPT_DESCRIPTION)
VALUES(4, 'Cleaners', 30, 'Employees in charge of cleaning  ');

INSERT INTO DEPARTMENT(DEPT_ID, DEPT_NAME, DEPT_NUM_OF_EMPLOYEES, DEPT_DESCRIPTION)
VALUES(5, 'Kitchen Staff', 30, 'All personnel working in kitchen');

INSERT INTO DEPARTMENT(DEPT_ID, DEPT_NAME, DEPT_NUM_OF_EMPLOYEES, DEPT_DESCRIPTION)
VALUES(6, 'Entertainment', 20, 'Anyone working in the entertainment department');

SELECT DEPT_ID ,
DEPT_NAME ,
DEPT_NUM_OF_EMPLOYEES ,
DEPT_DESCRIPTION  FROM DEPARTMENT;


-- Table for Guest 
INSERT INTO GUEST (GUEST_ID, GUEST_NAME, GUEST_CONTACT_NUMBER, GUEST_PAYMENT_INFO)
VALUES(1, 'Tom Roger', 1234567891, 'Debit'); 

INSERT INTO GUEST (GUEST_ID, GUEST_NAME, GUEST_CONTACT_NUMBER, GUEST_PAYMENT_INFO)
VALUES(2, 'Kurt Kumail', 7654567891, 'Credit'); 

INSERT INTO GUEST (GUEST_ID, GUEST_NAME, GUEST_CONTACT_NUMBER, GUEST_PAYMENT_INFO)
VALUES(3, 'Kumail Syed', 1237667891, 'Cash'); 

INSERT INTO GUEST (GUEST_ID, GUEST_NAME, GUEST_CONTACT_NUMBER, GUEST_PAYMENT_INFO)
VALUES(4, 'Parthavi Vinayak', 1234458891, 'Credt'); 

INSERT INTO GUEST (GUEST_ID, GUEST_NAME, GUEST_CONTACT_NUMBER, GUEST_PAYMENT_INFO)
VALUES(5, 'Nitya Vinayak', 1234561891, 'Debit'); 

INSERT INTO GUEST (GUEST_ID, GUEST_NAME, GUEST_CONTACT_NUMBER, GUEST_PAYMENT_INFO)
VALUES(6, 'Salman Syed', 123543891, 'Debit'); 

SELECT GUEST_ID ,
GUEST_NAME ,
GUEST_CONTACT_NUMBER ,
GUEST_PAYMENT_INFO  FROM GUEST; 

INSERT INTO EMPLOYEE(EMPLOYEE_ID, EMPLOYEE_FIRST_NAME, EMPLOYEE_LAST_NAME, EMP_NUMBER, EMPLOYEE_DEPARTMENT_NUMBER, HOTEL_ID, GUEST_ID)
VALUES(1, 'Unnati', 'Vinayak', 647333989, 1, 1, 1);

INSERT INTO EMPLOYEE(EMPLOYEE_ID, EMPLOYEE_FIRST_NAME, EMPLOYEE_LAST_NAME, EMP_NUMBER, EMPLOYEE_DEPARTMENT_NUMBER, HOTEL_ID)
VALUES(2, 'Kumail', 'Syed', 647721890, 2, 1);

INSERT INTO EMPLOYEE(EMPLOYEE_ID, EMPLOYEE_FIRST_NAME, EMPLOYEE_LAST_NAME, EMP_NUMBER, EMPLOYEE_DEPARTMENT_NUMBER, HOTEL_ID)
VALUES(3, 'Samarveer', 'Sandhu', 416123456, 2, 2);

INSERT INTO EMPLOYEE(EMPLOYEE_ID, EMPLOYEE_FIRST_NAME, EMPLOYEE_LAST_NAME, EMP_NUMBER, EMPLOYEE_DEPARTMENT_NUMBER, HOTEL_ID)
VALUES(4, 'Generic', 'Employee', 747647898, 4, 5);

INSERT INTO EMPLOYEE(EMPLOYEE_ID, EMPLOYEE_FIRST_NAME, EMPLOYEE_LAST_NAME, EMP_NUMBER, EMPLOYEE_DEPARTMENT_NUMBER, HOTEL_ID)
VALUES(5, 'Unique', 'Employee', 146789023, 3, 6);

INSERT INTO EMPLOYEE(EMPLOYEE_ID, EMPLOYEE_FIRST_NAME, EMPLOYEE_LAST_NAME, EMP_NUMBER, EMPLOYEE_DEPARTMENT_NUMBER, HOTEL_ID)
VALUES(6, 'Boring', 'Employee', 456234768, 6, 3);

SELECT EMPLOYEE_ID ,
EMPLOYEE_FIRST_NAME ,
EMP_NUMBER ,
EMPLOYEE_DEPARTMENT_NUMBER ,
HOTEL_ID ,
GUEST_ID ,
EMPLOYEE_LAST_NAME  FROM EMPLOYEE;

--Table for Amenities 
INSERT INTO AMENITIES (AMENITY_ID, AMENITY_NAME, AMENITY_DESCRIPTION, AMENITY_PRICE)
VALUES(1, 'Spa', 'Variety of services will be provided. Whether its to improve health, beauty or just for relaxation', 69.99); 

INSERT INTO AMENITIES (AMENITY_ID, AMENITY_NAME, AMENITY_DESCRIPTION, AMENITY_PRICE)
VALUES(2, 'Indoor Pool', 'Full day in indoor pool', 40.00); 

INSERT INTO AMENITIES (AMENITY_ID, AMENITY_NAME, AMENITY_DESCRIPTION, AMENITY_PRICE)
VALUES(3, 'Outdoor Pool', 'Full day in outdoor pool', 49.99); 

INSERT INTO AMENITIES (AMENITY_ID, AMENITY_NAME, AMENITY_DESCRIPTION, AMENITY_PRICE)
VALUES(4, 'Massage', 'Standard package of massage services includes a 2 hour session.', 140.00); 

INSERT INTO AMENITIES (AMENITY_ID, AMENITY_NAME, AMENITY_DESCRIPTION, AMENITY_PRICE)
VALUES(5, 'Gym', 'State of the art gym with all the facilities.', 30.00); 

INSERT INTO AMENITIES (AMENITY_ID, AMENITY_NAME, AMENITY_DESCRIPTION, AMENITY_PRICE)
VALUES(6, 'Dinner Buffet', 'Enjoy an all you can eat dinner buffet with over 30 unique dishes', 49.99); 

SELECT AMENITY_ID ,
AMENITY_NAME ,
AMENITY_DESCRIPTION ,
AMENITY_PRICE  FROM AMENITIES; 

-- Table for Bookings 
INSERT INTO BOOKINGS (BOOKING_ID, FIRST_NAME, LAST_NAME, CHECK_IN_DATE, CHECK_OUT_DATE, DURATION_OF_STAY, PAYMENT_TYPE, 
TOTAL_ROOMS_BOOKED, TOTAL_AMOUNT, HOTEL_ID, EMPLOYEE_ID, AMENITY_ID)
VALUES(7384, 'Name', 'One', '2021-01-15 23:59:59', '2021-01-16 23:59:59', '1 day', 'Debit', 2, 256.99, 4, 1, 6 ); 

INSERT INTO BOOKINGS (BOOKING_ID, FIRST_NAME, LAST_NAME, CHECK_IN_DATE, CHECK_OUT_DATE, DURATION_OF_STAY, PAYMENT_TYPE, 
TOTAL_ROOMS_BOOKED, TOTAL_AMOUNT, HOTEL_ID, EMPLOYEE_ID, AMENITY_ID)
VALUES(7332, 'Name', 'Two', '2021-01-20 23:59:59', '2021-01-22 23:59:59', '2 days', 'Credit', 1, 200.45, 3, 4, 1 ); 

INSERT INTO BOOKINGS (BOOKING_ID, FIRST_NAME, LAST_NAME, CHECK_IN_DATE, CHECK_OUT_DATE, DURATION_OF_STAY, PAYMENT_TYPE, 
TOTAL_ROOMS_BOOKED, TOTAL_AMOUNT, HOTEL_ID, EMPLOYEE_ID, AMENITY_ID)
VALUES(7124, 'Name', 'Three', '2021-02-24 23:59:59', '2021-02-25 23:59:59', '1 day', 'Cash', 3, 419.99, 4, 3, 6 ); 

INSERT INTO BOOKINGS (BOOKING_ID, FIRST_NAME, LAST_NAME, CHECK_IN_DATE, CHECK_OUT_DATE, DURATION_OF_STAY, PAYMENT_TYPE, 
TOTAL_ROOMS_BOOKED, TOTAL_AMOUNT, HOTEL_ID, EMPLOYEE_ID, AMENITY_ID)
VALUES(7874, 'Name', 'Four', '2021-01-05 23:59:59', '2021-01-06 23:59:59', '1 day', 'Debit', 2, 100.00, 4, 1, 6 ); 

INSERT INTO BOOKINGS (BOOKING_ID, FIRST_NAME, LAST_NAME, CHECK_IN_DATE, CHECK_OUT_DATE, DURATION_OF_STAY, PAYMENT_TYPE, 
TOTAL_ROOMS_BOOKED, TOTAL_AMOUNT, HOTEL_ID, EMPLOYEE_ID, AMENITY_ID)
VALUES(7356, 'Name', 'Five', '2021-01-14 23:59:59', '2021-01-17 23:59:59', '3 days', 'Credit', 2, 236.99, 3, 5, 6 ); 

INSERT INTO BOOKINGS (BOOKING_ID, FIRST_NAME, LAST_NAME, CHECK_IN_DATE, CHECK_OUT_DATE, DURATION_OF_STAY, PAYMENT_TYPE, 
TOTAL_ROOMS_BOOKED, TOTAL_AMOUNT, HOTEL_ID, EMPLOYEE_ID, AMENITY_ID)
VALUES(7309, 'Name', 'Six', '2021-03-01 23:59:59', '2021-03-03 23:59:59', '2 days', 'Debit', 3, 444.99, 3, 1, 2 ); 

SELECT BOOKING_ID ,
LAST_NAME ,
CHECK_IN_DATE ,
CHECK_OUT_DATE ,
DURATION_OF_STAY ,
PAYMENT_TYPE ,
TOTAL_ROOMS_BOOKED ,
TOTAL_AMOUNT ,
HOTEL_ID ,
EMPLOYEE_ID ,
AMENITY_ID ,
FIRST_NAME  FROM BOOKINGS;

INSERT INTO ROOM_TYPE(TYPE_ID, TYPE_NAME, TYPE_COST, PET_FRIENDLY, SMOKE_FRIENDLY)
VALUES(1,'Suite',225, 'No', 'No');

INSERT INTO ROOM_TYPE(TYPE_ID, TYPE_NAME, TYPE_COST, PET_FRIENDLY, SMOKE_FRIENDLY)
VALUES(2,'Single',100, 'Yes', 'No');

INSERT INTO ROOM_TYPE(TYPE_ID, TYPE_NAME, TYPE_COST, PET_FRIENDLY, SMOKE_FRIENDLY)
VALUES(3,'Double',125, 'Yes', 'No');

INSERT INTO ROOM_TYPE(TYPE_ID, TYPE_NAME, TYPE_COST, PET_FRIENDLY, SMOKE_FRIENDLY)
VALUES(4,'Triple',150, 'Yes', 'Yes');

INSERT INTO ROOM_TYPE(TYPE_ID, TYPE_NAME, TYPE_COST, PET_FRIENDLY, SMOKE_FRIENDLY)
VALUES(5,'King',175, 'Yes', 'Yes');

INSERT INTO ROOM_TYPE(TYPE_ID, TYPE_NAME, TYPE_COST, PET_FRIENDLY, SMOKE_FRIENDLY)
VALUES(6,'Deluxe',200, 'No', 'Yes');

SELECT * FROM ROOM_TYPE;

INSERT INTO ROOM_DISCOUNT(DISCOUNT_ID, DISCOUNT_TYPE, DISCOUNT_AMOUNT, TYPE_ID)
VALUES(1,'Military', 30, 1);

INSERT INTO ROOM_DISCOUNT(DISCOUNT_ID, DISCOUNT_TYPE, DISCOUNT_AMOUNT, TYPE_ID)
VALUES(2,'Senior', 30, 2);

INSERT INTO ROOM_DISCOUNT(DISCOUNT_ID, DISCOUNT_TYPE, DISCOUNT_AMOUNT, TYPE_ID)
VALUES(3,'Student', 15, 3);

INSERT INTO ROOM_DISCOUNT(DISCOUNT_ID, DISCOUNT_TYPE, DISCOUNT_AMOUNT, TYPE_ID)
VALUES(4,'Multiple Rooms', 10, 4);

INSERT INTO ROOM_DISCOUNT(DISCOUNT_ID, DISCOUNT_TYPE, DISCOUNT_AMOUNT, TYPE_ID)
VALUES(5,'Employee', 25, 5);

INSERT INTO ROOM_DISCOUNT(DISCOUNT_ID, DISCOUNT_TYPE, DISCOUNT_AMOUNT, TYPE_ID)
VALUES(6,'None', 0, 6);

SELECT * FROM ROOM_DISCOUNT;

INSERT INTO HOTEL_ROOMS(ROOM_ID, ROOM_NUM, BOOKED_CONFIRM, ROOM_TYPE_ID, HOTEL_ID)
VALUES(1, 100, 'Booked', 1, 1);

INSERT INTO HOTEL_ROOMS(ROOM_ID, ROOM_NUM, BOOKED_CONFIRM, ROOM_TYPE_ID, HOTEL_ID)
VALUES(2, 101, 'Booked', 2, 2);

INSERT INTO HOTEL_ROOMS(ROOM_ID, ROOM_NUM, BOOKED_CONFIRM, ROOM_TYPE_ID, HOTEL_ID)
VALUES(3, 102, 'Unbooked', 3, 3);

INSERT INTO HOTEL_ROOMS(ROOM_ID, ROOM_NUM, BOOKED_CONFIRM, ROOM_TYPE_ID, HOTEL_ID)
VALUES(4, 200, 'Booked', 4, 4);

INSERT INTO HOTEL_ROOMS(ROOM_ID, ROOM_NUM, BOOKED_CONFIRM, ROOM_TYPE_ID, HOTEL_ID)
VALUES(5, 201, 'Unbooked', 5, 5);

INSERT INTO HOTEL_ROOMS(ROOM_ID, ROOM_NUM, BOOKED_CONFIRM, ROOM_TYPE_ID, HOTEL_ID)
VALUES(6, 202, 'Booked', 6, 6);

SELECT * FROM HOTEL_ROOMS;

